Boston Celtics,celtics,"
",
,,Joel Anthony,http://www.nba.com/playerfile/joel_anthony
,_CMWB,Chris Babb,http://www.nba.com/playerfile/chris_babb
,bestbetbass,Brandon Bass,http://www.nba.com/playerfile/brandon_bass
,jerrydbayless,Jerryd Bayless,http://www.nba.com/playerfile/jerryd_bayless
,,Keith Bogans,http://www.nba.com/playerfile/keith_bogans
,,Avery Bradley,http://www.nba.com/playerfile/avery_bradley
,faverani13,Vitor Faverani,http://www.nba.com/playerfile/vitor_faverani
,unclejeffgreen,Jeff Green,http://www.nba.com/playerfile/jeff_green
,KrisHumphries,Kris Humphries,http://www.nba.com/playerfile/kris_humphries
,ChrisJohnson_4,Chris Johnson,http://www.nba.com/playerfile/chris_johnson
,KellyOlynyk,Kelly Olynyk,http://www.nba.com/playerfile/kelly_olynyk
,philpressey,Phil Pressey,http://www.nba.com/playerfile/phil_pressey
,RajonRondo,Rajon Rondo,http://www.nba.com/playerfile/rajon_rondo
,Jared_Sully0,Jared Sullinger,http://www.nba.com/playerfile/jared_sullinger
,,Gerald Wallace,http://www.nba.com/playerfile/gerald_wallace
,,,
Brooklyn Nets,BrooklynNets,,
,,Brook Lopez,http://www.nba.com/playerfile/brook_lopez/
,TheJoeJohnson7,Joe Johnson,http://www.nba.com/playerfile/joe_johnson/
,DeronWilliams,Deron Williams,http://www.nba.com/playerfile/deron_williams/
,paulpierce34,Paul Pierce,http://www.nba.com/playerfile/paul_pierce/
,OfficialMT23,Marcus Thornton,http://www.nba.com/playerfile/marcus_thornton/
,drayblatche,Andray Blatche,http://www.nba.com/playerfile/andray_blatche/
,Teletovic33,Mirza Teletovic,http://www.nba.com/playerfile/mirza_teletovic/
,ShaunLivingston,Shaun Livingston,http://www.nba.com/playerfile/shaun_livingston/
,masonplumlee,Mason Plumlee,http://www.nba.com/playerfile/mason_plumlee/
,ASqared06,Alan Anderson,http://www.nba.com/playerfile/alan_anderson/
,,Kevin Garnett,http://www.nba.com/playerfile/kevin_garnett/
,,Andrei Kirilenko,http://www.nba.com/playerfile/andrei_kirilenko/
,,Jorge Gutierrez,http://www.nba.com/playerfile/jorge_gutierrez/
,,Marquis Teague,http://www.nba.com/playerfile/marquis_teague/
,jasoncollins34,Jason Collins,http://www.nba.com/playerfile/jason_collins/
,,,
New York Knicks,nyknicks,,
,colea45,Cole Aldrich,http://www.nba.com/playerfile/cole_aldrich
,carmeloanthony,Carmelo Anthony,http://www.nba.com/playerfile/carmelo_anthony
,AndreaBargnani,Andrea Bargnani,http://www.nba.com/playerfile/andrea_bargnani
,,Shannon Brown,http://www.nba.com/playerfile/shannon_brown
,tysonchandler,Tyson Chandler,http://www.nba.com/playerfile/tyson_chandler
,RFeltonGBMS,Raymond Felton,http://www.nba.com/playerfile/raymond_felton
,T_HardJR,Tim Hardaway Jr.,http://www.nba.com/playerfile/tim_hardaway_jr
,KenyonMartinSr,Kenyon Martin,http://www.nba.com/playerfile/kenyon_martin
,toure_murry,Toure Murry,http://www.nba.com/playerfile/toure_murry
,PPrigioni9,Pablo Prigioni,http://www.nba.com/playerfile/pablo_prigioni
,I_Am_Iman,Imam Shumpert,http://www.nba.com/playerfile/iman_shumpert
,,J.R. Smith,http://www.nba.com/playerfile/jr_smith
,Amareisreal,Amare Stoudemire,http://www.nba.com/playerfile/amare_stoudemire
,jeremytyler3,Jeremy Tyler,http://www.nba.com/playerfile/jeremy_tyler
,,,
Philadelphia 76ers,Sixers,,
,JA_Five,James Anderson,http://www.nba.com/playerfile/james_anderson
,MCW1,Michael Carter-Williams,http://www.nba.com/playerfile/michael_carter-williams
,0BrandonDavies,Brandon Davies,http://www.nba.com/playerfile/brandon_davies
,amoultrie,Arnett Moultrie,http://www.nba.com/playerfile/arnett_moultrie
,,Byron Mullens,http://www.nba.com/playerfile/byron_mullens
,H_Sims14,Henry Sims,http://www.nba.com/playerfile/henry_sims
,AllDayThomas,Adonis Thomas,http://www.nba.com/playerfile/adonis_thomas
,,Hollis Thompson,http://www.nba.com/playerfile/hollis_thompson
,RealSwat32,Jarvis Varnado,http://www.nba.com/playerfile/jarvis_varnado
,CWARE22,Casper Ware,http://www.nba.com/playerfile/casper_ware
,,Elliot Williams,http://www.nba.com/playerfile/elliot_williams
,TWroten_LOE,Tony Wroten,http://www.nba.com/playerfile/tony_wroten
,yungsmoove21,Thaddeus Young,http://www.nba.com/playerfile/thaddeus_young
,,,
Toronto Raptors,Raptors,,
,BuycksWorld13,Dwight Buycks,http://www.nba.com/playerfile/dwight_buycks
,NandoDeColo,Nando De Colo,http://www.nba.com/playerfile/nando_de_colo
,DeMar_DeRozan,Demar DeRozan,http://www.nba.com/playerfile/demar_derozan
,landryfields,Landry Fields,http://www.nba.com/playerfile/landry_fields
,THANS50,Tyler Hansbrough,http://www.nba.com/playerfile/tyler_hansbrough
,c_hayes44,Chuck Hayes,http://www.nba.com/playerfile/chuck_hayes
,IamAmirJohnson,Amir Johnson,http://www.nba.com/playerfile/amir_johnson
,Klow7,Kyle Lowry,http://www.nba.com/playerfile/kyle_lowry
,stevenovak16,Steve Novak,http://www.nba.com/playerfile/steve_novak
,pdpatt,Patrick Patterson,http://www.nba.com/playerfile/patrick_patterson
,T_DotFlight31,Terrence Ross,http://www.nba.com/playerfile/terrence_ross
,,John Salmons,http://www.nba.com/playerfile/john_salmons
,,Julyan Stone,http://www.nba.com/playerfile/julyan_stone
,JValanciunas,Jonas Valanciunas,http://www.nba.com/playerfile/jonas_valanciunas
,greivisvasquez,Greivis Vasquez,http://www.nba.com/playerfile/greivis_vasquez
,,,
Chicago Bulls,Raptors,,
,LouAmundson17,Lou Amundson,http://www.nba.com/playerfile/lou_amundson
,,D.J. Augustin,http://www.nba.com/playerfile/dj_augustin
,MisterCBooz,Carlos Boozer,http://www.nba.com/playerfile/carlos_boozer
,RonnieBrewerJr,Ronnie Brewer,http://www.nba.com/playerfile/ronnie_brewer
,mr_2eight1,Jimmy Butler,http://www.nba.com/playerfile/jimmy_butler
,,Mike Dunleavy,http://www.nba.com/playerfile/mike_dunleavy
,jimmerfredette,Jimmer Fredette,http://www.nba.com/playerfile/jimmer_fredette
,TajGibson22,Taj Gibson,http://www.nba.com/playerfile/taj_gibson
,,Kirk Hinrich,http://www.nba.com/playerfile/kirk_hinrich
,mikejames7,Mike James,http://www.nba.com/playerfile/mike_james
,NazrMohammed,Nazr Mohammed,http://www.nba.com/playerfile/nazr_mohammed
,JoakimNoah,Joakim Noah,http://www.nba.com/playerfile/joakim_noah
,drose,Derrick Rose,http://www.nba.com/playerfile/derrick_rose
,TonySnell20,Tony Snell,http://www.nba.com/playerfile/tony_snell
,,,
Cleveland Cavaliers,cavs,,
,AnthonyBennett,Anthony Bennett,http://www.nba.com/playerfile/anthony_bennett
,matthewdelly,Matthew Dellavedova,http://www.nba.com/playerfile/matthew_dellavedova
,LuolDeng9,Luol Deng,http://www.nba.com/playerfile/luol_deng
,C_Felix0,Carrick Felix,http://www.nba.com/playerfile/carrick_felix
,GeeAlonzo,Alonzo Gee,http://www.nba.com/playerfile/alonzo_gee
,spencerhawes00,Spencer Hawes,http://www.nba.com/playerfile/spencer_hawes
,Shopson32,Scotty Hopson,http://www.nba.com/playerfile/scotty_hopson
,KyrieIrving,Kyrie Irving,http://www.nba.com/playerfile/kyrie_irving
,Jarrettjack03,Jarrett Jack,http://www.nba.com/playerfile/jarrett_jack
,,Sergey Karasev,http://www.nba.com/playerfile/sergey_karasev
,masfresco,CJ Miles,http://www.nba.com/playerfile/cj_miles
,RealTristan13,Tristan Thompson,http://www.nba.com/playerfile/tristan_thompson
,VAREJAOANDERSON,Anderson Varejao,http://www.nba.com/playerfile/anderson_varejao
,dionwaiters3,Dion Waiters,http://www.nba.com/playerfile/dion_waiters
,ZellerTyler,Tyler Zeller,http://www.nba.com/playerfile/tyler_zeller
,,,
Detroit Pistons,DetroitPistons,,
,,Chauncey Billups,http://www.nba.com/playerfile/chauncey_billups
,,Will Bynum,http://www.nba.com/playerfile/will_bynum
,CaldwellPope1,Kentavious Caldwell-Pope,http://www.nba.com/playerfile/kentavious_caldwell-pope
,GigiDatome,Gigi Datome,http://www.nba.com/playerfile/gigi_datome
,AndreDrummondd,Andre Drummond,http://www.nba.com/playerfile/andre_drummond
,BigJorts55,Josh Harrellson,http://www.nba.com/playerfile/josh_harrellson
,BrandonJennings,Brandon Jennings,http://www.nba.com/playerfile/brandon_jennings
,JonasJerebko,Jonas Jerebko,http://www.nba.com/playerfile/jonas_jerebko
,,Tony Mitchell,http://www.nba.com/playerfile/tony_mitchell
,M10OSE,Greg Monroe,http://www.nba.com/playerfile/greg_monroe
,KyleSingler,Kyle Singler,http://www.nba.com/playerfile/kyle_singler
,PeypeySiva3,Peyton Siva,http://www.nba.com/playerfile/peyton_siva
,,Josh Smith,http://www.nba.com/playerfile/josh_smith
,,Rodney Stuckey,http://www.nba.com/playerfile/rodney_stuckey
,CVBelieve,Charlie Villanueva,http://www.nba.com/playerfile/charlie_villanueva
,,,
Indiana Pacers,Pacers,,
,Paul_George24,Paul George,http://www.nba.com/playerfile/paul_george
,D_West30,David West,http://www.nba.com/playerfile/david_west
,StephensonLance,Lance Stephenson,http://www.nba.com/playerfile/lance_stephenson
,George_Hill3,George Hill,http://www.nba.com/playerfile/george_hill
,Hoya2aPacer,Roy Hibbert,http://www.nba.com/playerfile/roy_hibbert
,LScola4,Luis Scola,http://www.nba.com/playerfile/luis_scola
,Quietstorm_32,C.J. Watson,http://www.nba.com/playerfile/cj_watson
,thekidet,Evan Turner,http://www.nba.com/playerfile/evan_turner
,OptimusCope,Chris Copeland,http://www.nba.com/playerfile/chris_copeland
,ianmahinmi,Ian Mahinmi,http://www.nba.com/playerfile/ian_mahinmi
,dsloan15,Donald Sloan,http://www.nba.com/playerfile/donald_sloan
,RasualButler45,Rasual Butler,http://www.nba.com/playerfile/rasual_butler
,chefVOYardee,Lavoy Allen,http://www.nba.com/playerfile/lavoy_allen
,kingxsolo,Solomon Hill,http://www.nba.com/playerfile/solomon_hill
,,,
Milwaukee Bucks,Bucks,,
,Adrien4,Jeff Adrien,http://www.nba.com/playerfile/jeff_adrien
,G_ante34,Giannis Antetokounmpo,http://www.nba.com/playerfile/giannis_antetokounmpo
,_John_Henson_,John Henson,http://www.nba.com/playerfile/john_henson
,,Ersan Ilyasova,http://www.nba.com/playerfile/ersan_ilyasova
,BrandonKnight07,Brandon Knight,http://www.nba.com/playerfile/brandon_knight
,,O.J. Mayo,http://www.nba.com/playerfile/oj_mayo
,Khris22m,Khris Middleton,http://www.nba.com/playerfile/khris_middleton
,zaza27,Zaza Pachulia,http://www.nba.com/playerfile/zaza_pachulia
,,Miroslav Raduljica,http://www.nba.com/playerfile/miroslav_raduljica
,LarrySanders,Larry Sanders,http://www.nba.com/playerfile/larry_sanders
,,Ramon Sessions,http://www.nba.com/playerfile/ramon_sessions
,EkpeUdoh,Ekpe Udoh,http://www.nba.com/playerfile/ekpe_udoh
,NateWolters,Nate Wolters,http://www.nba.com/playerfile/nate_wolters
,SELF_MADEest89,Chris Wright,http://www.nba.com/playerfile/chris_wright
,,,
Atlanta Hawks,ATLHawks,,
,,Pero Antic,http://www.nba.com/playerfile/pero_antic
,AyonGustavo,Gustavo Ayon,http://www.nba.com/playerfile/gustavo_ayon
,,Elton Brand,http://www.nba.com/playerfile/elton_brand
,DeMarreCarroll1,DeMarre Carroll,http://www.nba.com/playerfile/demarre_carroll
,Al_Horford,Al Horford,http://www.nba.com/playerfile/al_horford
,JohnnyCashVU23,John Jenkins,http://www.nba.com/playerfile/john_jenkins
,KyleKorver,Kyle Korver,http://www.nba.com/playerfile/kyle_korver
,ShelvinMack,Shelvin Mack,http://www.nba.com/playerfile/shelvin_mack
,CartierMartin,Cartier Martin,http://www.nba.com/playerfile/cartier_martin
,Paulmillsap4,Pual Millsap,http://www.nba.com/playerfile/paul_millsap
,mikejawz,Mike Muscala,http://www.nba.com/playerfile/mike_muscala
,DennisMike93,Dennis Schroder,http://www.nba.com/playerfile/dennis_schroder
,mikescott,Mike Scott,http://www.nba.com/playerfile/mike_scott
,Teague0,Jeff Teague,http://www.nba.com/playerfile/jeff_teague
,TeamLou23,Louis Williams,http://www.nba.com/playerfile/louis_williams
,,,
Charlotte Hornets,hornets,,
,bismackbiyombo0,Bismack Biyombo,http://www.nba.com/playerfile/bismack_biyombo
,,Chris Douglas-Roberts,http://www.nba.com/playerfile/chris_douglas-roberts
,GhJr09,Gerald Henderson,http://www.nba.com/playerfile/gerald_henderson
,,Al Jefferson,http://www.nba.com/playerfile/al_jefferson
,MKG14,Michael Kidd-Gilchrist,http://www.nba.com/playerfile/michael_kidd-gilchrist
,,Josh McRoberts,http://www.nba.com/playerfile/josh_mcroberts
,,Gary Neal,http://www.nba.com/playerfile/gary_neal
,,Jannero Pargo,http://www.nba.com/playerfile/jannero_pargo
,,Luke Ridnour,http://www.nba.com/playerfile/luke_ridnour
,,Jeff Taylor,http://www.nba.com/playerfile/jeff_taylor
,ATolliver44,Anthony Tolliver,http://www.nba.com/playerfile/anthony_tolliver
,KembaWalker,Kemba Walker,http://www.nba.com/playerfile/kemba_walker
,dj_white3,DJ White,http://www.nba.com/playerfile/dj_white
,CodyZeller,Cody Zeller,http://www.nba.com/playerfile/cody_zeller
,,,
Miami Heat,MiamiHEAT,,
,KingJames,LeBron James,http://www.nba.com/playerfile/lebron_james
,DwyaneWade,Dwyane Wade,http://www.nba.com/playerfile/dwyane_wade
,chrisbosh,Chris Bosh,http://www.nba.com/playerfile/chris_bosh
,greenRAYn20,Ray Allen,http://www.nba.com/playerfile/ray_allen
,mchalmers15,Mario Chalmers,http://www.nba.com/playerfile/mario_chalmers
,,Chris Andersen,http://www.nba.com/playerfile/chris_andersen
,PG30_MIA,Norris Cole,http://www.nba.com/playerfile/norris_cole
,,Rashard Lewis,http://www.nba.com/playerfile/rashard_lewis
,,James Jones,http://www.nba.com/playerfile/james_jones
,ShaneBattier,Shane Battier,http://www.nba.com/playerfile/shane_battier
,ThisIsUD,Udonis Haslem,http://www.nba.com/playerfile/udonis_haslem
,,Toney Douglas,http://www.nba.com/playerfile/toney_douglas
,easyst0,Michael Beasley,http://www.nba.com/playerfile/michael_beasley
,,Greg Oden,http://www.nba.com/playerfile/greg_oden
,,,
Orlando Magic,Orlando_Magic,,
,,Arron Afflalo,http://www.nba.com/playerfile/arron_afflalo
,d_dedmon3,Dewayne Dedmon,http://www.nba.com/playerfile/dewayne_dedmon
,moe_harkless,Maurice Harkless,http://www.nba.com/playerfile/maurice_harkless
,tobias31,Tobias Harris,http://www.nba.com/playerfile/tobias_harris
,DLamb20,Doron Lamb,http://www.nba.com/playerfile/doron_lamb
,,Jason Maxiell,http://www.nba.com/playerfile/jason_maxiell
,ETwaun55,E'Twaun Moore,http://www.nba.com/playerfile/etwaun_moore
,jameernelson,Jameer Nelson,http://www.nba.com/playerfile/jameer_nelson
,nicholaf44,Andrew Nicholson,http://www.nba.com/playerfile/andrew_nicholson
,Kyle_OQuinn,Kyle O'Quinn,http://www.nba.com/playerfile/kyle_oquinn
,VicOladipo,Victor Oladipo,http://www.nba.com/playerfile/victor_oladipo
,,Ronnie Price,http://www.nba.com/playerfile/ronnie_price
,NikolaVucevic,Nikola Vucevic,http://www.nba.com/playerfile/nikola_vucevic
,,,
Washington Wizards,WashWizards,,
,TrevorAriza,Trevor Ariza,http://www.nba.com/playerfile/trevor_ariza
,RealDealBeal23,Bradley Beal,http://www.nba.com/playerfile/bradley_beal
,35_Fitz,Trevor Booker,http://www.nba.com/playerfile/trevor_booker
,DrewGooden,Drew Gooden,http://www.nba.com/playerfile/drew_gooden
,MGortat,Marcin Gortat,http://www.nba.com/playerfile/marcin_gortat
,cheddahcheese7,Al Harrington,http://www.nba.com/playerfile/al_harrington
,,Glen Rice Jr.,http://www.nba.com/playerfile/glen_rice_jr
,,Andre Miller,http://www.nba.com/playerfile/andre_miller
,,Nene,http://www.nba.com/playerfile/nene
,,Otto Porter,http://www.nba.com/playerfile/otto_porter
,kevin_seraphin,Kevin Seraphin,http://www.nba.com/playerfile/kevin_seraphin
,C_SING31,Chris Singleton,http://www.nba.com/playerfile/chris_singleton
,GTemp14,Garrett Temple,http://www.nba.com/playerfile/garrett_temple
,John_Wall,John Wall,http://www.nba.com/playerfile/john_wall
,MartellWebster,Martell Webster,http://www.nba.com/playerfile/martell_webster
,,,
Dallas Mavericks,dallasmavs,,
,swish41,DIRK NOWITZKI,
,SamDalembert,SAMUEL DALEMBERT,
,matrix31,SHAWN MARION,
,,MONTA ELLIS,
,josemcalderon8,JOSE CALDERON,
,mrvincecarter15,VINCE CARTER,
,bwright34,BRANDAN WRIGHT,
,CJC9BOSS,JAE CROWDER,
,BernardRJames,BERNARD JAMES,
,WayneElli22,WAYNE ELLINGTON,
,ShaneLarkin_3,SHANE LARKIN,
,REALRICKLEDO1,RICKY LEDO,
,GalMekel33,GAL MEKEL,
,Dev34Harris,DEVIN HARRIS,
,DeJuan45,DEJUAN BLAIR,
,,,
Houston Rockets,HoustonRockets,,
,AsikOmer,Omer Asik,http://www.nba.com/playerfile/omer_asik
,patbev21,Patrick Beverley,http://www.nba.com/playerfile/patrick_beverley
,SiP03,Isaiah Canaan,http://www.nba.com/playerfile/isaiah_canaan
,Casspi18,Omri Casspi,http://www.nba.com/playerfile/omri_casspi
,Holla_At_Rob33,Robert Covington,http://www.nba.com/playerfile/robert_covington
,TroyDaniels30,Troy Daniels,http://www.nba.com/playerfile/troy_daniels
,,Francisco Garcia,http://www.nba.com/playerfile/francisco_garcia
,J_Goin_HAM,Jordan Hamilton,http://www.nba.com/playerfile/jordan_hamilton
,JHarden13,James Harden,http://www.nba.com/playerfile/james_harden
,DwightHoward,Dwight Howard,http://www.nba.com/playerfile/dwight_howard
,TerrenceJones1,Terrence Jones,http://www.nba.com/playerfile/terrence_jones
,JLin7,Jeremy Lin,http://www.nba.com/playerfile/jeremy_lin
,DonatasMot,Donatas Motiejunas,http://www.nba.com/playerfile/donatas_motiejunas
,ChandlerParsons,Chandler Parsons,http://www.nba.com/playerfile/chandler_parsons
,JP21Reasons,Josh Powell,http://www.nba.com/playerfile/josh_powell
,,,
Memphis Grizzlies,memgrizz,,
,aa000G9,Tony Allen,http://www.nba.com/playerfile/tony_allen
,Nick_Calathes15,Nick Calathes,http://www.nba.com/playerfile/nick_calathes
,mconley11,Mike Conley,http://www.nba.com/playerfile/mike_conley
,eddavis32,Ed Davis,http://www.nba.com/playerfile/ed_davis
,,Jamaal Franklin,http://www.nba.com/playerfile/jamaal_franklin
,MarcGasol,Marc Gasol,http://www.nba.com/playerfile/marc_gasol
,,James Johnson,http://www.nba.com/playerfile/james_johnson
,kostakoufos,Kosta Koufos,http://www.nba.com/playerfile/kosta_koufos
,CourtneyLee2211,Courtney Lee,http://www.nba.com/playerfile/courtney_lee
,JLeu30,Jon Leuer,http://www.nba.com/playerfile/jon_leuer
,MikeMiller_13,Mike Miller,http://www.nba.com/playerfile/mike_miller
,QuincyPondexter,Quincy Pondexter,http://www.nba.com/playerfile/quincy_pondexter
,,Tayshaun Prince,http://www.nba.com/playerfile/tayshaun_prince
,MacBo50,Zach Randolph,http://www.nba.com/playerfile/zach_randolph
,BenoUdrih1,Beno Udrih,http://www.nba.com/playerfile/beno_udrih
,,,
New Orleans Pelicans,PelicansNBA,,
,AjincaAlexis42,Alexis Ajinca,http://www.nba.com/playerfile/alexis_ajinca
,farouq1,Al-Farouq Aminu,http://www.nba.com/playerfile/al-farouq_aminu
,ryananderson33,Ryan Anderson,http://www.nba.com/playerfile/ryan_anderson
,,Luke Babbitt,http://www.nba.com/playerfile/luke_babbitt
,AntDavis23,Anthony Davis,http://www.nba.com/playerfile/anthony_davis
,,Melvin Ely,http://www.nba.com/playerfile/melvin_ely
,TyrekeEvans,Tyreke Evans,http://www.nba.com/playerfile/tyreke_evans
,TheofficialEG10,Eric Gordon,http://www.nba.com/playerfile/eric_gordon
,Jrue_Holiday11,Jrue Holiday,http://www.nba.com/playerfile/jrue_holiday
,uknum1,Darius Miller,http://www.nba.com/playerfile/darius_miller
,MrAnthonyMorrow,Anthony Morrow,http://www.nba.com/playerfile/anthony_morrow
,AustinRivers25,Austin Rivers,http://www.nba.com/playerfile/austin_rivers
,,Brian Roberts,http://www.nba.com/playerfile/brian_roberts
,,Jason Smith,http://www.nba.com/playerfile/jason_smith
,,James Southerland,http://www.nba.com/playerfile/james_southerland
,JeffWithey,Jeff Withey,http://www.nba.com/playerfile/jeff_withey
,,,
San Antonio Spurs,spurs,,
,tonyparker,Tony Parker,http://www.nba.com/playerfile/tony_parker
,,Tim Duncan,http://www.nba.com/playerfile/tim_duncan
,manuginobili,Manu Ginobili,http://www.nba.com/playerfile/emanuel_ginobili
,,Kawhi Leonard,http://www.nba.com/playerfile/kawhi_leonard
,theborisdiaw,Boris Diaw,http://www.nba.com/playerfile/boris_diaw
,DGreen_14,Danny Green,http://www.nba.com/playerfile/daniel_green
,tiagosplitter,Tiago Splitter,http://www.nba.com/playerfile/tiago_splitter
,Patty_Mills,Patty Mills,http://www.nba.com/playerfile/patrick_mills
,marcobelinelli,Marco Belinelli,http://www.nba.com/playerfile/marco_belinelli
,Cory_Joe,Cory Joseph,http://www.nba.com/playerfile/cory_joseph
,aronbaynes,Aron Baynes,http://www.nba.com/playerfile/aron_baynes
,,Matt Bonner,http://www.nba.com/playerfile/matt_bonner
,,Jeff Ayres,http://www.nba.com/playerfile/jeff_ayres
,Adaye5,Austin Daye,http://www.nba.com/playerfile/austin_daye
,,,
Denver Nuggets,denvernuggets,,
,,Darrell Arthur,http://www.nba.com/playerfile/darrell_arthur
,Thirty2zero,Aaron Brooks,http://www.nba.com/playerfile/aaron_brooks
,wilsonchandler,Wilson Chandler,http://www.nba.com/playerfile/wilson_chandler
,KennethFaried35,Kenneth Faried,http://www.nba.com/playerfile/kenneth_faried
,Evan Fournier,Evan Fournier,http://www.nba.com/playerfile/evan_fournier
,randyfoye,Randy Foye,http://www.nba.com/playerfile/randy_foye
,Hickson21,JJ Hickson,http://www.nba.com/playerfile/jj_hickson
,TyLawson3,Ty Lawson,http://www.nba.com/playerfile/ty_lawson
,JaValeMcGee34,JaVale McGee,http://www.nba.com/playerfile/javale_mcgee
,qmillertime,Quincy Miller,http://www.nba.com/playerfile/quincy_miller
,,Timofey Mozgov,http://www.nba.com/playerfile/timofey_mozgov
,TheARandolph,Anthony Randolph,http://www.nba.com/playerfile/anthony_randolph
,nate_robinson,Nate Robinson,http://www.nba.com/playerfile/nate_robinson
,JanVesely24,Jan Vesely,http://www.nba.com/playerfile/jan_vesely
,,,
Minnesota Timberwolves,MNTimberwolves,,
,jjbareapr,Jose Juan Barea,http://www.nba.com/playerfile/jose_juan_barea
,CoreyBrewer13,Cory Brewer,http://www.nba.com/playerfile/corey_brewer
,CBudinger,Chase Budinger,http://www.nba.com/playerfile/chase_budinger
,DlamarC33,Dante Cunningham,http://www.nba.com/playerfile/dante_cunningham
,GorguiDieng,Gorgui Dieng,http://www.nba.com/playerfile/gorgui_dieng
,RobbieHummel,Robbie Hummel,http://www.nba.com/playerfile/robbie_hummel
,OthyusTheGreat,Othyus Jeffers,http://www.nba.com/playerfile/othyus_jeffers
,kevinlove,Kevin Love,http://www.nba.com/playerfile/kevin_love
,,Kevin Martin,http://www.nba.com/playerfile/kevin_martin
,mbahamoute,Luc Mbah A Moute,http://www.nba.com/playerfile/luc_mbah_a_moute
,phenom15balla,Shabazz Muhammad,http://www.nba.com/playerfile/shabazz_muhammad
,,Nikola Pekovic,http://www.nba.com/playerfile/nikola_pekovic
,rickyrubio9,Ricky Rubio,http://www.nba.com/playerfile/ricky_rubio
,,Alexey Shved,http://www.nba.com/playerfile/alexey_shved
,Ronny_Turiaf,Ronny Turiaf,http://www.nba.com/playerfile/ronny_turiaf
,,,
Oklahoma City Thunder,okcthunder,,
,KDTrey5,Kevin Durant,http://www.nba.com/playerfile/kevin_durant
,russwest44,Russell Westbrook,http://www.nba.com/playerfile/russell_westbrook
,sergeibaka9,Serge Ibaka,http://www.nba.com/playerfile/serge_ibaka
,rjOKCson_15,Reggie Jackson,http://www.nba.com/playerfile/reggie_jackson
,realtuffjuice,Caron Butler,http://www.nba.com/playerfile/caron_butler
,RealStevenAdams,Steven Adams,http://www.nba.com/playerfile/steven_adams
,derekfisher,Derek Fisher,http://www.nba.com/playerfile/derek_fisher
,ThaboSefolosha,Thabo Sefolosha,http://www.nba.com/playerfile/thabo_sefolosha
,jlamb,Jeremy Lamb,http://www.nba.com/playerfile/jeremy_lamb
,KendrickPerkins,Kendrick Perkins,http://www.nba.com/playerfile/kendrick_perkins
,nickcollison4,Nick Collison,http://www.nba.com/playerfile/nick_collison
,Perry_Jones1,Perry Jones,http://www.nba.com/playerfile/perry_jones
,FlyDre21,Andre Roberson,http://www.nba.com/playerfile/andre_roberson
,HasheemTheDream,Hasheem Thabeet,http://www.nba.com/playerfile/hasheem_thabeet
,,,
Portland Trail Blazers,trailblazers,,
,aldridge_12,Lamarcus Aldridge,http://www.nba.com/playerfile/lamarcus_aldridge
,Dame_Lillard,Damian Lillard,http://www.nba.com/playerfile/damian_lillard
,nicolas88batum,Nicolas Batum,http://www.nba.com/playerfile/nicolas_batum
,wessywes2,Wesley Matthews,http://www.nba.com/playerfile/wesley_matthews
,eegabeeva88,Robin Lopez,http://www.nba.com/playerfile/robin_lopez
,mowilliams,Maurice Williams,http://www.nba.com/playerfile/maurice_williams/
,WillTheThrillB5,Will Barton,http://www.nba.com/playerfile/will_barton
,DWRIGHTWAY1,Dorell Wright,http://www.nba.com/playerfile/dorell_wright/
,Trobinson0,Thomas Robinson,http://www.nba.com/playerfile/thomas_robinson
,CJMcCollum,CJ McCollum,http://www.nba.com/playerfile/cj_mccollum
,,Joel Freeland,http://www.nba.com/playerfile/joel_freeland
,Victor_Claver,Victor Claver,http://www.nba.com/playerfile/victor_claver
,MeyersLeonard11,Meyers Leonard,http://www.nba.com/playerfile/meyers_leonard
,Earl_Watson,Earl Watson,http://www.nba.com/playerfile/earl_watson
,,,
Utah Jazz,utahjazz,,
,Trey_Burke3,Trey Burke,http://www.nba.com/playerfile/trey_burke
,AlecBurks10,Alec Burks,http://www.nba.com/playerfile/alec_burks
,IanClark,Ian Clark,http://www.nba.com/playerfile/ian_clark
,JeremyEvans40,Jeremy Evans,http://www.nba.com/playerfile/jeremy_evans
,dfavors14,Derrick Favors,http://www.nba.com/playerfile/derrick_favors
,kingarrett10,Diante Garrett,http://www.nba.com/playerfile/diante_garrett
,rudygobert15,Rudy Gobert,http://www.nba.com/playerfile/rudy_gobert
,gordonhayward,Gordon Hayward,http://www.nba.com/playerfile/gordon_hayward
,Luke1luk,John Lucas III,http://www.nba.com/playerfile/john_lucas_iii
,,Richard Jefferson,http://www.nba.com/playerfile/richard_jefferson
,Enes_Kanter,Enes Kanter,http://www.nba.com/playerfile/enes_kanter
,BRush_25,Brandon Rush,http://www.nba.com/playerfile/brandon_rush
,,Malcolm Thomas,http://www.nba.com/playerfile/malcolm_thomas
,,Marvin Williams,http://www.nba.com/playerfile/marvin_williams
,,,
Golden State Warriors,warriors,,
,,Hilton Armstrong,http://www.nba.com/playerfile/hilton_armstrong
,hbarnes,Harrison Barnes,http://www.nba.com/playerfile/harrison_barnes
,SteveBlake5,Steve Blake,http://www.nba.com/playerfile/steve_blake
,andrewbogut,Andrew Bogut,http://www.nba.com/playerfile/andrew_bogut
,jcraw55,Jordan Crawford,http://www.nba.com/playerfile/jordan_crawford
,StephenCurry30,Stephen Curry,http://www.nba.com/playerfile/stephen_curry
,Money23Green,Draymond Green,http://www.nba.com/playerfile/draymond_green
,andre,Andre Iguodala,http://www.nba.com/playerfile/andre_iguodala
,,Ognjen Kuzmic,http://www.nba.com/playerfile/ognjen_kuzmic
,Dlee042,David Lee,http://www.nba.com/playerfile/david_lee
,nedovic1624,Nemanja  Nedovic,http://www.nba.com/playerfile/nemanja_nedovic
,jermaineoneal,Jermaine O'Neal,http://www.nba.com/playerfile/jermaine_oneal
,Mospeights16,Marreese Speights,http://www.nba.com/playerfile/marreese_speights
,KlayThompson,Klay Thompson,http://www.nba.com/playerfile/klay_thompson
,,,
Los Angeles Clippers,LAClippers,,
,blakegriffin32,Blake Griffin,http://www.nba.com/playerfile/blake_griffin
,CP3,Chris Paul,http://www.nba.com/playerfile/chris_paul
,JCrossover,Jamal Crawford,http://www.nba.com/playerfile/jamal_crawford/
,JJRedick,J.J. Redick,http://www.nba.com/playerfile/jj_redick
,deandrejordan,DeAndre Jordan,http://www.nba.com/playerfile/deandre_jordan
,Matt_Barnes22,Matt Barnes,http://www.nba.com/playerfile/matt_barnes
,Darren_Collison,Darren Collison,http://www.nba.com/playerfile/darren_collison
,iambigbaby11,Glen Davis,http://www.nba.com/playerfile/glen_davis
,hidoturkoglu15,Hidayet Turkoglu,http://www.nba.com/playerfile/hidayet_turkoglu
,dgranger33,Danny Granger,http://www.nba.com/playerfile/danny_granger
,JaredDudley619,Jared Dudley,http://www.nba.com/playerfile/jared_dudley
,ReggieBullock35,Reggie Bullock,http://www.nba.com/playerfile/reggie_bullock
,DetroitWillie34,Willie Green,http://www.nba.com/playerfile/willie_green
,TheRyanHollins,Ryan Hollins,http://www.nba.com/playerfile/ryan_hollins
,,,
Los Angeles Lakers,Lakers,,
,KentBazemore20,Kent Bazemore,http://www.nba.com/playerfile/kent_bazemore
,Marshon2,Marshon Brooks,http://www.nba.com/playerfile/marshon_brooks
,kobebryant,Kobe Bryant,http://www.nba.com/playerfile/kobe_bryant
,JrFarmar,Jordan Farmar,http://www.nba.com/playerfile/jordan_farmar
,paugasol,Pau Gasol,http://www.nba.com/playerfile/pau_gasol
,XavierHenry,Xavier Henry,http://www.nba.com/playerfile/xavier_henry
,J_HILL_47,Jordan Hill,http://www.nba.com/playerfile/jordan_hill
,,Wesley Johnson,http://www.nba.com/playerfile/wesley_johnson
,ChrisKaman,Chris Kaman,http://www.nba.com/playerfile/chris_kaman
,RyanKelly34,Ryan Kelly,http://www.nba.com/playerfile/ryan_kelly
,KButter5,Kendall Marshall,http://www.nba.com/playerfile/kendall_marshall
,Jmeeks20,Jodie Meeks,http://www.nba.com/playerfile/jodie_meeks
,SteveNash,Steve Nash,http://www.nba.com/playerfile/steve_nash
,Bobby_Sacre,Robert Sacre,http://www.nba.com/playerfile/robert_sacre
,NickSwagyPYoung,Nick Young,http://www.nba.com/playerfile/nick_young
,,,
Phoenix Suns,Suns,,
,TheBlurBarbosa,Leandro Barbosa,http://www.nba.com/playerfile/leandro_barbosa
,EBled2,Eric Bledsoe,http://www.nba.com/playerfile/eric_bledsoe
,Dchristmas22,Dionte Christmas,http://www.nba.com/playerfile/dionte_christmas
,Goran_Dragic,Goran Dragic,http://www.nba.com/playerfile/goran_dragic
,Channing_Frye,Channing Frye,http://www.nba.com/playerfile/channing_frye
,A1Laflare10,Archie Goodwin,http://www.nba.com/playerfile/archie_goodwin
,,Gerald Green,http://www.nba.com/playerfile/gerald_green
,alexlen,Alex Len,http://www.nba.com/playerfile/alex_len
,MookMorris2,Marcus Morris,http://www.nba.com/playerfile/marcus_morris
,Keefmorris,Markieff Morris,http://www.nba.com/playerfile/markieff_morris
,milesplumlee13,Miles Plumlee,http://www.nba.com/playerfile/miles_plumlee
,,Shavlik Randolph,http://www.nba.com/playerfile/shavlik_randolph
,ishsmith,Ish Smith,http://www.nba.com/playerfile/ish_smith
,PJTUCKER17,PJ Tucker,http://www.nba.com/playerfile/pj_tucker
,,,
Sacramento Kings,SacramentoKings,,
,QuincyAcy,Quincy Acy,http://www.nba.com/playerfile/quincy_acy
,boogiecousins,DeMarcus Cousins,http://www.nba.com/playerfile/demarcus_cousins
,J1Flight,Jared Cunningham,http://www.nba.com/playerfile/jared_cunningham
,ReggieEvans30,Reggie Evans,http://www.nba.com/playerfile/reggie_evans
,rudygay22,Rudy Gay,http://www.nba.com/playerfile/rudy_gay
,AaronGray_34,Aaron Gray,http://www.nba.com/playerfile/aaron_gray
,CarlLandry,Carl Landry,http://www.nba.com/playerfile/carl_landry
,RayMac3,Ray McCallum,http://www.nba.com/playerfile/ray_mccallum
,BenMcLemore,Ben McLemore,http://www.nba.com/playerfile/ben_mclemore
,,Travis Outlaw,http://www.nba.com/playerfile/travis_outlaw
,Isaiah_Thomas2,Isaiah Thomas,http://www.nba.com/playerfile/isaiah_thomas
,jtthekid,Jason Thompson,http://www.nba.com/playerfile/jason_thompson
,RealDwill7,Derrick Williams,http://www.nba.com/playerfile/derrick_williams
